Dataset,RS_Median,SA_Median,GA_Median,SA_Beats_RS (p < 0.05),GA_Beats_RS (p < 0.05),SA vs RS p-value,GA vs RS p-value,SA vs GA p-value,GA vs SA p-value
spear,0.000993048659384,0.000993048659384,0.000993048659384,False,False,0.48941188626163235,0.47596159951045575,0.5256309998098627,0.48077095797383484
storm,7.489688061305e-06,2.042642198535e-06,0.0,True,True,0.012557436035679232,0.004426734558149549,0.8143788896046136,0.1898841554909142
7z,4535.5,4396.0,4342.4,False,True,0.06671895074793656,0.01139337184684415,0.8942384200371895,0.10848925043935875
PostgreSQL,46037.0,46001.8,46035.0,False,False,0.1738783000965476,0.18442294357618633,0.3353646647244622,0.6700548781596642
LLVM,57465.6,56682.3,54202.8,True,True,0.02548650946611414,5.895593832853592e-07,0.9999993159555104,7.367145400731355e-07
Apache,31.2813,30.8186,30.8186,True,True,2.653288817160488e-08,1.2437018097998491e-08,0.7407581606309168,0.26424553342754975
brotli,1.472,1.46,1.46,True,True,0.001871246569904596,0.003325291214872053,0.3822765614352376,0.6248433726778493
x264,22.386,21.698,21.636,True,True,8.074440058304987e-05,3.34440018658315e-06,0.9639299593058652,0.037262913511969684
